"","x"
"1",-0.733583333333333
"2",-0.8065
"3",-0.50025
"4",-0.96025
"5",-0.50025
"6",-0.866916666666667
"7",-1.05025
"8",-1.13775
"9",-1.05025
"10",-1.17525
"11",-1.00025
"12",-1.269
"13",-0.40025
"14",-1.32025
"15",-0.60025
"16",-1.3065
"17",-1.25025
"18",-1.40025
"19",-0.436458333333333
"20",-0.283333333333333
"21",-0.513333333333333
"22",-0.283333333333333
"23",-0.466666666666667
"24",-0.558333333333333
"25",-0.602083333333334
"26",-0.558333333333333
"27",-0.620833333333333
"28",-0.533333333333333
"29",-0.667708333333333
"30",-0.233333333333333
"31",-0.693333333333333
"32",-0.333333333333333
"33",-0.686458333333334
"34",-0.658333333333333
"35",-0.733333333333334
"36",-0.35625
"37",-0.58625
"38",-0.35625
"39",-0.539583333333334
"40",-0.63125
"41",-0.675
"42",-0.63125
"43",-0.69375
"44",-0.60625
"45",-0.740625
"46",-0.30625
"47",-0.76625
"48",-0.40625
"49",-0.759375
"50",-0.73125
"51",-0.80625
"52",-0.28
"53",-0.05
"54",-0.233333333333333
"55",-0.325
"56",-0.36875
"57",-0.325
"58",-0.3875
"59",-0.3
"60",-0.434375
"61",0
"62",-0.46
"63",-0.1
"64",-0.453125
"65",-0.425
"66",-0.5
"67",-0.51
"68",-0.693333333333333
"69",-0.785
"70",-0.82875
"71",-0.785
"72",-0.8475
"73",-0.76
"74",-0.894375
"75",-0.46
"76",-0.92
"77",-0.56
"78",-0.913125
"79",-0.885
"80",-0.96
"81",-0.233333333333333
"82",-0.325
"83",-0.36875
"84",-0.325
"85",-0.3875
"86",-0.3
"87",-0.434375
"88",0
"89",-0.46
"90",-0.1
"91",-0.453125
"92",-0.425
"93",-0.5
"94",-0.691666666666667
"95",-0.735416666666667
"96",-0.691666666666667
"97",-0.754166666666667
"98",-0.666666666666667
"99",-0.801041666666667
"100",-0.366666666666667
"101",-0.826666666666667
"102",-0.466666666666667
"103",-0.819791666666667
"104",-0.791666666666667
"105",-0.866666666666667
"106",-0.91875
"107",-0.875
"108",-0.9375
"109",-0.85
"110",-0.984375
"111",-0.55
"112",-1.01
"113",-0.65
"114",-1.003125
"115",-0.975
"116",-1.05
"117",-0.9625
"118",-1.025
"119",-0.9375
"120",-1.071875
"121",-0.6375
"122",-1.0975
"123",-0.7375
"124",-1.090625
"125",-1.0625
"126",-1.1375
"127",-0.9375
"128",-0.85
"129",-0.984375
"130",-0.55
"131",-1.01
"132",-0.65
"133",-1.003125
"134",-0.975
"135",-1.05
"136",-0.975
"137",-1.109375
"138",-0.675
"139",-1.135
"140",-0.775
"141",-1.128125
"142",-1.1
"143",-1.175
"144",-0.934375
"145",-0.5
"146",-0.96
"147",-0.6
"148",-0.953125
"149",-0.925
"150",-1
"151",-0.76875
"152",-1.22875
"153",-0.86875
"154",-1.221875
"155",-1.19375
"156",-1.26875
"157",-0.36
"158",0
"159",-0.353125
"160",-0.325
"161",-0.4
"162",-0.92
"163",-1.273125
"164",-1.245
"165",-1.32
"166",-0.553125
"167",-0.525
"168",-0.6
"169",-1.23125
"170",-1.30625
"171",-1.25
"172",-0.788583333333333
"173",-0.933583333333333
"174",-0.955805555555556
"175",-0.747869047619047
"176",-0.60025
"177",-0.946083333333333
"178",-0.962154761904762
"179",-1.10858333333333
"180",-0.533583333333333
"181",-1.33983333333333
"182",-1.3050119047619
"183",-0.933583333333333
"184",-1.13358333333333
"185",-0.983583333333333
"186",-1.23358333333333
"187",-1.66691666666667
"188",-1.73358333333333
"189",-0.388333333333333
"190",-0.399444444444444
"191",-0.29547619047619
"192",-0.221666666666667
"193",-0.394583333333333
"194",-0.402619047619048
"195",-0.475833333333333
"196",-0.188333333333333
"197",-0.591458333333333
"198",-0.574047619047619
"199",-0.388333333333333
"200",-0.488333333333333
"201",-0.413333333333333
"202",-0.538333333333333
"203",-0.755
"204",-0.788333333333333
"205",-0.544444444444444
"206",-0.44047619047619
"207",-0.366666666666667
"208",-0.539583333333333
"209",-0.547619047619047
"210",-0.620833333333333
"211",-0.333333333333333
"212",-0.736458333333333
"213",-0.719047619047619
"214",-0.533333333333333
"215",-0.633333333333333
"216",-0.558333333333333
"217",-0.683333333333333
"218",-0.9
"219",-0.933333333333333
"220",-0.462698412698413
"221",-0.388888888888889
"222",-0.561805555555555
"223",-0.56984126984127
"224",-0.643055555555555
"225",-0.355555555555556
"226",-0.758680555555556
"227",-0.741269841269841
"228",-0.555555555555556
"229",-0.655555555555555
"230",-0.580555555555555
"231",-0.705555555555555
"232",-0.922222222222222
"233",-0.955555555555556
"234",-0.180952380952381
"235",-0.353869047619047
"236",-0.361904761904762
"237",-0.435119047619047
"238",-0.147619047619048
"239",-0.550744047619047
"240",-0.533333333333333
"241",-0.347619047619047
"242",-0.447619047619047
"243",-0.372619047619047
"244",-0.497619047619047
"245",-0.714285714285714
"246",-0.747619047619048
"247",-0.20625
"248",-0.214285714285714
"249",-0.2875
"250",0
"251",-0.403125
"252",-0.385714285714286
"253",-0.2
"254",-0.3
"255",-0.225
"256",-0.35
"257",-0.566666666666667
"258",-0.6
"259",-0.560119047619048
"260",-0.633333333333333
"261",-0.345833333333333
"262",-0.748958333333333
"263",-0.731547619047619
"264",-0.545833333333333
"265",-0.645833333333333
"266",-0.570833333333333
"267",-0.695833333333333
"268",-0.9125
"269",-0.945833333333333
"270",-0.649404761904762
"271",-0.361904761904762
"272",-0.765029761904762
"273",-0.747619047619048
"274",-0.561904761904762
"275",-0.661904761904762
"276",-0.586904761904762
"277",-0.711904761904762
"278",-0.928571428571429
"279",-0.961904761904762
"280",-0.508333333333333
"281",-0.911458333333333
"282",-0.894047619047619
"283",-0.708333333333333
"284",-0.808333333333333
"285",-0.733333333333333
"286",-0.858333333333333
"287",-1.075
"288",-1.10833333333333
"289",-0.336458333333333
"290",-0.319047619047619
"291",-0.133333333333333
"292",-0.233333333333333
"293",-0.158333333333333
"294",-0.283333333333333
"295",-0.5
"296",-0.533333333333333
"297",-1.12529761904762
"298",-0.939583333333333
"299",-1.03958333333333
"300",-0.964583333333333
"301",-1.08958333333333
"302",-1.30625
"303",-1.33958333333333
"304",-0.904761904761905
"305",-1.0047619047619
"306",-0.929761904761905
"307",-1.0547619047619
"308",-1.27142857142857
"309",-1.30476190476191
"310",-0.633333333333333
"311",-0.558333333333333
"312",-0.683333333333333
"313",-0.9
"314",-0.933333333333333
"315",-0.758333333333333
"316",-0.883333333333333
"317",-1.1
"318",-1.13333333333333
"319",-0.733333333333333
"320",-0.95
"321",-0.983333333333333
"322",-1.2
"323",-1.23333333333333
"324",-1.66666666666667
"325",-0.92525
"326",-0.768107142857143
"327",-0.87525
"328",-0.891916666666667
"329",-0.65025
"330",-1.05025
"331",-0.52525
"332",-0.62525
"333",-1.05025
"334",-0.57525
"335",-0.991916666666667
"336",-1.10025
"337",-1.49667857142857
"338",-1.25025
"339",-1.02525
"340",-1.17525
"341",-1.42525
"342",-1.62525
"343",-0.496428571428571
"344",-0.55
"345",-0.558333333333333
"346",-0.4375
"347",-0.6375
"348",-0.375
"349",-0.425
"350",-0.6375
"351",-0.4
"352",-0.608333333333333
"353",-0.6625
"354",-0.860714285714286
"355",-0.7375
"356",-0.625
"357",-0.7
"358",-0.825
"359",-0.925
"360",-0.392857142857143
"361",-0.401190476190476
"362",-0.280357142857143
"363",-0.480357142857143
"364",-0.217857142857143
"365",-0.267857142857143
"366",-0.480357142857143
"367",-0.242857142857143
"368",-0.451190476190476
"369",-0.505357142857143
"370",-0.703571428571429
"371",-0.580357142857143
"372",-0.467857142857143
"373",-0.542857142857143
"374",-0.667857142857143
"375",-0.767857142857143
"376",-0.508333333333333
"377",-0.3875
"378",-0.5875
"379",-0.325
"380",-0.375
"381",-0.5875
"382",-0.35
"383",-0.558333333333333
"384",-0.6125
"385",-0.810714285714286
"386",-0.6875
"387",-0.575
"388",-0.65
"389",-0.775
"390",-0.875
"391",-0.404166666666667
"392",-0.604166666666667
"393",-0.341666666666667
"394",-0.391666666666667
"395",-0.604166666666667
"396",-0.366666666666667
"397",-0.575
"398",-0.629166666666667
"399",-0.827380952380952
"400",-0.704166666666667
"401",-0.591666666666667
"402",-0.666666666666667
"403",-0.791666666666667
"404",-0.891666666666667
"405",-0.3625
"406",-0.0999999999999999
"407",-0.15
"408",-0.3625
"409",-0.125
"410",-0.333333333333333
"411",-0.3875
"412",-0.585714285714286
"413",-0.4625
"414",-0.35
"415",-0.425
"416",-0.55
"417",-0.65
"418",-0.5
"419",-0.55
"420",-0.7625
"421",-0.525
"422",-0.733333333333333
"423",-0.7875
"424",-0.985714285714286
"425",-0.8625
"426",-0.75
"427",-0.825
"428",-0.95
"429",-1.05
"430",-0.0249999999999999
"431",-0.2375
"432",0
"433",-0.208333333333333
"434",-0.2625
"435",-0.460714285714286
"436",-0.3375
"437",-0.225
"438",-0.3
"439",-0.425
"440",-0.525
"441",-0.3375
"442",-0.0999999999999996
"443",-0.308333333333333
"444",-0.3625
"445",-0.560714285714285
"446",-0.4375
"447",-0.325
"448",-0.4
"449",-0.525
"450",-0.625
"451",-0.525
"452",-0.733333333333333
"453",-0.7875
"454",-0.985714285714286
"455",-0.8625
"456",-0.75
"457",-0.825
"458",-0.95
"459",-1.05
"460",-0.258333333333333
"461",-0.3125
"462",-0.510714285714285
"463",-0.3875
"464",-0.275
"465",-0.35
"466",-0.475
"467",-0.575
"468",-0.729166666666667
"469",-0.927380952380952
"470",-0.804166666666667
"471",-0.691666666666667
"472",-0.766666666666667
"473",-0.891666666666667
"474",-0.991666666666667
"475",-1.03571428571429
"476",-0.9125
"477",-0.8
"478",-0.875
"479",-1
"480",-1.1
"481",-1.30892857142857
"482",-1.19642857142857
"483",-1.27142857142857
"484",-1.39642857142857
"485",-1.49642857142857
"486",-0.95
"487",-1.025
"488",-1.15
"489",-1.25
"490",-0.8
"491",-0.925
"492",-1.025
"493",-1.075
"494",-1.175
"495",-1.425
"496",-0.645964285714286
"497",-0.50025
"498",-0.485964285714286
"499",-0.785964285714286
"500",-0.819297619047619
"501",-1.12596428571429
"502",-1.10818650793651
"503",-0.923464285714286
"504",-0.819297619047619
"505",-1.12596428571429
"506",-0.885964285714286
"507",-1.08596428571429
"508",-1.33596428571429
"509",-0.585964285714286
"510",-1.43040873015873
"511",-1.46096428571429
"512",-1.48596428571429
"513",-0.152857142857143
"514",-0.145714285714286
"515",-0.295714285714286
"516",-0.312380952380953
"517",-0.465714285714286
"518",-0.456825396825397
"519",-0.364464285714286
"520",-0.312380952380953
"521",-0.465714285714286
"522",-0.345714285714286
"523",-0.445714285714286
"524",-0.570714285714286
"525",-0.195714285714286
"526",-0.617936507936508
"527",-0.633214285714286
"528",-0.645714285714286
"529",0
"530",-0.15
"531",-0.166666666666667
"532",-0.32
"533",-0.311111111111111
"534",-0.21875
"535",-0.166666666666667
"536",-0.32
"537",-0.2
"538",-0.3
"539",-0.425
"540",-0.05
"541",-0.472222222222222
"542",-0.4875
"543",-0.5
"544",-0.135714285714286
"545",-0.152380952380953
"546",-0.305714285714286
"547",-0.296825396825397
"548",-0.204464285714286
"549",-0.152380952380953
"550",-0.305714285714286
"551",-0.185714285714286
"552",-0.285714285714286
"553",-0.410714285714286
"554",-0.0357142857142858
"555",-0.457936507936508
"556",-0.473214285714286
"557",-0.485714285714286
"558",-0.452380952380953
"559",-0.605714285714286
"560",-0.596825396825397
"561",-0.504464285714286
"562",-0.452380952380953
"563",-0.605714285714286
"564",-0.485714285714286
"565",-0.585714285714286
"566",-0.710714285714286
"567",-0.335714285714286
"568",-0.757936507936508
"569",-0.773214285714286
"570",-0.785714285714286
"571",-0.639047619047619
"572",-0.63015873015873
"573",-0.537797619047619
"574",-0.485714285714286
"575",-0.639047619047619
"576",-0.519047619047619
"577",-0.619047619047619
"578",-0.744047619047619
"579",-0.369047619047619
"580",-0.791269841269842
"581",-0.806547619047619
"582",-0.819047619047619
"583",-0.936825396825397
"584",-0.844464285714286
"585",-0.792380952380953
"586",-0.945714285714286
"587",-0.825714285714286
"588",-0.925714285714286
"589",-1.05071428571429
"590",-0.675714285714286
"591",-1.09793650793651
"592",-1.11321428571429
"593",-1.12571428571429
"594",-0.826686507936508
"595",-0.774603174603175
"596",-0.927936507936508
"597",-0.807936507936508
"598",-0.907936507936508
"599",-1.03293650793651
"600",-0.657936507936508
"601",-1.08015873015873
"602",-1.09543650793651
"603",-1.10793650793651
"604",-0.589880952380953
"605",-0.743214285714286
"606",-0.623214285714286
"607",-0.723214285714286
"608",-0.848214285714286
"609",-0.473214285714286
"610",-0.895436507936508
"611",-0.910714285714286
"612",-0.923214285714286
"613",-0.639047619047619
"614",-0.519047619047619
"615",-0.619047619047619
"616",-0.744047619047619
"617",-0.369047619047619
"618",-0.791269841269842
"619",-0.806547619047619
"620",-0.819047619047619
"621",-0.825714285714286
"622",-0.925714285714286
"623",-1.05071428571429
"624",-0.675714285714286
"625",-1.09793650793651
"626",-1.11321428571429
"627",-1.12571428571429
"628",-0.685714285714286
"629",-0.810714285714286
"630",-0.435714285714286
"631",-0.857936507936508
"632",-0.873214285714286
"633",-0.885714285714286
"634",-1.01071428571429
"635",-0.635714285714286
"636",-1.05793650793651
"637",-1.07321428571429
"638",-1.08571428571429
"639",-0.885714285714286
"640",-1.30793650793651
"641",-1.32321428571429
"642",-1.33571428571429
"643",-0.557936507936508
"644",-0.573214285714286
"645",-0.585714285714286
"646",-1.41765873015873
"647",-1.43015873015873
"648",-1.46071428571429
"649",-0.738027777777778
"650",-0.706083333333333
"651",-0.636440476190476
"652",-0.837333333333333
"653",-0.583583333333333
"654",-0.979297619047619
"655",-0.593583333333333
"656",-0.326916666666667
"657",-0.863583333333333
"658",-1.17215476190476
"659",-1.27691666666667
"660",-1.32691666666667
"661",-1.24358333333333
"662",-1.44858333333333
"663",-1.46580555555556
"664",-1.47358333333333
"665",-1.49358333333333
"666",-0.344027777777778
"667",-0.309206349206349
"668",-0.409652777777778
"669",-0.282777777777778
"670",-0.480634920634921
"671",-0.287777777777778
"672",-0.154444444444444
"673",-0.422777777777778
"674",-0.577063492063492
"675",-0.629444444444444
"676",-0.654444444444444
"677",-0.612777777777778
"678",-0.715277777777778
"679",-0.723888888888889
"680",-0.727777777777778
"681",-0.737777777777778
"682",-0.277261904761905
"683",-0.377708333333333
"684",-0.250833333333333
"685",-0.448690476190476
"686",-0.255833333333333
"687",-0.1225
"688",-0.390833333333333
"689",-0.545119047619048
"690",-0.5975
"691",-0.6225
"692",-0.580833333333333
"693",-0.683333333333333
"694",-0.691944444444444
"695",-0.695833333333333
"696",-0.705833333333333
"697",-0.308065476190476
"698",-0.181190476190476
"699",-0.379047619047619
"700",-0.186190476190476
"701",-0.0528571428571427
"702",-0.321190476190476
"703",-0.47547619047619
"704",-0.527857142857143
"705",-0.552857142857143
"706",-0.511190476190476
"707",-0.613690476190476
"708",-0.622301587301587
"709",-0.626190476190476
"710",-0.636190476190476
"711",-0.382083333333333
"712",-0.579940476190476
"713",-0.387083333333333
"714",-0.25375
"715",-0.522083333333333
"716",-0.676369047619048
"717",-0.72875
"718",-0.75375
"719",-0.712083333333333
"720",-0.814583333333333
"721",-0.823194444444444
"722",-0.827083333333333
"723",-0.837083333333333
"724",-0.326190476190476
"725",-0.133333333333333
"726",0
"727",-0.268333333333333
"728",-0.422619047619048
"729",-0.475
"730",-0.5
"731",-0.458333333333333
"732",-0.560833333333333
"733",-0.569444444444444
"734",-0.573333333333333
"735",-0.583333333333333
"736",-0.529047619047619
"737",-0.395714285714286
"738",-0.664047619047619
"739",-0.818333333333333
"740",-0.870714285714286
"741",-0.895714285714286
"742",-0.854047619047619
"743",-0.956547619047619
"744",-0.96515873015873
"745",-0.969047619047619
"746",-0.979047619047619
"747",-0.01
"748",-0.278333333333333
"749",-0.432619047619048
"750",-0.485
"751",-0.51
"752",-0.468333333333333
"753",-0.570833333333333
"754",-0.579444444444444
"755",-0.583333333333333
"756",-0.593333333333333
"757",-0.0116666666666667
"758",-0.165952380952381
"759",-0.218333333333333
"760",-0.243333333333333
"761",-0.201666666666667
"762",-0.304166666666667
"763",-0.312777777777778
"764",-0.316666666666667
"765",-0.326666666666667
"766",-0.702619047619048
"767",-0.755
"768",-0.78
"769",-0.738333333333333
"770",-0.840833333333333
"771",-0.849444444444444
"772",-0.853333333333333
"773",-0.863333333333333
"774",-1.06357142857143
"775",-1.08857142857143
"776",-1.04690476190476
"777",-1.14940476190476
"778",-1.15801587301587
"779",-1.16190476190476
"780",-1.17190476190476
"781",-1.19333333333333
"782",-1.15166666666667
"783",-1.25416666666667
"784",-1.26277777777778
"785",-1.26666666666667
"786",-1.27666666666667
"787",-1.20166666666667
"788",-1.30416666666667
"789",-1.31277777777778
"790",-1.31666666666667
"791",-1.32666666666667
"792",-1.22083333333333
"793",-1.22944444444444
"794",-1.23333333333333
"795",-1.24333333333333
"796",-1.43444444444444
"797",-1.43833333333333
"798",-1.44833333333333
"799",-1.45555555555556
"800",-1.46555555555556
"801",-1.47333333333333
"802",-0.666916666666667
"803",-0.37525
"804",-0.878027777777778
"805",-0.95025
"806",-1.02882142857143
"807",-1.13358333333333
"808",-1.00025
"809",-1.32025
"810",-1.27525
"811",-1.06691666666667
"812",-1.00025
"813",-1.26275
"814",-0.75025
"815",-1.26691666666667
"816",-1.44310714285714
"817",-1.4815
"818",-1.50025
"819",-0.104166666666667
"820",-0.355555555555556
"821",-0.391666666666667
"822",-0.430952380952381
"823",-0.483333333333333
"824",-0.416666666666667
"825",-0.576666666666667
"826",-0.554166666666667
"827",-0.45
"828",-0.416666666666667
"829",-0.547916666666667
"830",-0.291666666666667
"831",-0.55
"832",-0.638095238095238
"833",-0.657291666666667
"834",-0.666666666666667
"835",-0.0638888888888889
"836",-0.1
"837",-0.139285714285714
"838",-0.191666666666667
"839",-0.125
"840",-0.285
"841",-0.2625
"842",-0.158333333333333
"843",-0.125
"844",-0.25625
"845",0
"846",-0.258333333333334
"847",-0.346428571428572
"848",-0.365625
"849",-0.375
"850",-0.602777777777778
"851",-0.642063492063492
"852",-0.694444444444445
"853",-0.627777777777778
"854",-0.787777777777778
"855",-0.765277777777778
"856",-0.661111111111111
"857",-0.627777777777778
"858",-0.759027777777778
"859",-0.502777777777778
"860",-0.761111111111111
"861",-0.849206349206349
"862",-0.868402777777778
"863",-0.877777777777778
"864",-0.714285714285715
"865",-0.766666666666667
"866",-0.7
"867",-0.86
"868",-0.8375
"869",-0.733333333333334
"870",-0.7
"871",-0.83125
"872",-0.575
"873",-0.833333333333334
"874",-0.921428571428572
"875",-0.940625
"876",-0.95
"877",-0.845238095238095
"878",-0.778571428571429
"879",-0.938571428571429
"880",-0.916071428571429
"881",-0.811904761904762
"882",-0.778571428571429
"883",-0.909821428571429
"884",-0.653571428571429
"885",-0.911904761904762
"886",-1
"887",-1.01919642857143
"888",-1.02857142857143
"889",-0.883333333333334
"890",-1.04333333333333
"891",-1.02083333333333
"892",-0.916666666666667
"893",-0.883333333333334
"894",-1.01458333333333
"895",-0.758333333333334
"896",-1.01666666666667
"897",-1.10476190476191
"898",-1.12395833333333
"899",-1.13333333333333
"900",-0.91
"901",-0.8875
"902",-0.783333333333334
"903",-0.75
"904",-0.88125
"905",-0.625
"906",-0.883333333333334
"907",-0.971428571428572
"908",-0.990625
"909",-1
"910",-1.2075
"911",-1.10333333333333
"912",-1.07
"913",-1.20125
"914",-0.945
"915",-1.20333333333333
"916",-1.29142857142857
"917",-1.310625
"918",-1.32
"919",-1.05833333333333
"920",-1.025
"921",-1.15625
"922",-0.9
"923",-1.15833333333333
"924",-1.24642857142857
"925",-1.265625
"926",-1.275
"927",-0.816666666666667
"928",-0.947916666666667
"929",-0.691666666666667
"930",-0.95
"931",-1.03809523809524
"932",-1.05729166666667
"933",-1.06666666666667
"934",-0.88125
"935",-0.625
"936",-0.883333333333334
"937",-0.971428571428572
"938",-0.990625
"939",-1
"940",-0.8875
"941",-1.14583333333333
"942",-1.23392857142857
"943",-1.253125
"944",-1.2625
"945",-0.633333333333334
"946",-0.721428571428572
"947",-0.740625
"948",-0.75
"949",-1.23809523809524
"950",-1.25729166666667
"951",-1.26666666666667
"952",-1.43348214285714
"953",-1.44285714285714
"954",-1.48125
"955",-0.466916666666667
"956",-0.644694444444445
"957",-0.644694444444445
"958",-0.657194444444445
"959",-0.866916666666667
"960",-0.882194444444445
"961",-0.544694444444445
"962",-0.694694444444445
"963",-0.511361111111111
"964",-1.14469444444444
"965",-1.24469444444444
"966",-1.06136111111111
"967",-0.644694444444445
"968",-1.26969444444444
"969",-0.844694444444445
"970",-1.09469444444444
"971",-1.34469444444444
"972",-1.44469444444444
"973",-0.0666666666666667
"974",-0.0666666666666667
"975",-0.0729166666666665
"976",-0.177777777777778
"977",-0.185416666666667
"978",-0.0166666666666666
"979",-0.0916666666666666
"980",0
"981",-0.316666666666667
"982",-0.366666666666667
"983",-0.275
"984",-0.0666666666666667
"985",-0.379166666666667
"986",-0.166666666666667
"987",-0.291666666666667
"988",-0.416666666666667
"989",-0.466666666666667
"990",-0.244444444444444
"991",-0.250694444444445
"992",-0.355555555555556
"993",-0.363194444444445
"994",-0.194444444444445
"995",-0.269444444444445
"996",-0.177777777777778
"997",-0.494444444444445
"998",-0.544444444444445
"999",-0.452777777777778
"1000",-0.244444444444444
"1001",-0.556944444444445
"1002",-0.344444444444445
"1003",-0.469444444444445
"1004",-0.594444444444445
"1005",-0.644444444444445
"1006",-0.250694444444445
"1007",-0.355555555555556
"1008",-0.363194444444445
"1009",-0.194444444444445
"1010",-0.269444444444445
"1011",-0.177777777777778
"1012",-0.494444444444445
"1013",-0.544444444444445
"1014",-0.452777777777778
"1015",-0.244444444444444
"1016",-0.556944444444445
"1017",-0.344444444444445
"1018",-0.469444444444445
"1019",-0.594444444444445
"1020",-0.644444444444445
"1021",-0.368055555555556
"1022",-0.375694444444445
"1023",-0.206944444444445
"1024",-0.281944444444445
"1025",-0.190277777777778
"1026",-0.506944444444445
"1027",-0.556944444444445
"1028",-0.465277777777778
"1029",-0.256944444444445
"1030",-0.569444444444445
"1031",-0.356944444444445
"1032",-0.481944444444445
"1033",-0.606944444444445
"1034",-0.656944444444445
"1035",-0.585416666666667
"1036",-0.416666666666667
"1037",-0.491666666666667
"1038",-0.4
"1039",-0.716666666666667
"1040",-0.766666666666667
"1041",-0.675
"1042",-0.466666666666667
"1043",-0.779166666666667
"1044",-0.566666666666667
"1045",-0.691666666666667
"1046",-0.816666666666667
"1047",-0.866666666666667
"1048",-0.431944444444444
"1049",-0.506944444444445
"1050",-0.415277777777778
"1051",-0.731944444444445
"1052",-0.781944444444445
"1053",-0.690277777777778
"1054",-0.481944444444445
"1055",-0.794444444444445
"1056",-0.581944444444445
"1057",-0.706944444444445
"1058",-0.831944444444445
"1059",-0.881944444444445
"1060",-0.169444444444445
"1061",-0.0777777777777779
"1062",-0.394444444444445
"1063",-0.444444444444445
"1064",-0.352777777777778
"1065",-0.144444444444445
"1066",-0.456944444444445
"1067",-0.244444444444444
"1068",-0.369444444444444
"1069",-0.494444444444445
"1070",-0.544444444444445
"1071",-0.227777777777778
"1072",-0.544444444444445
"1073",-0.594444444444445
"1074",-0.502777777777778
"1075",-0.294444444444445
"1076",-0.606944444444445
"1077",-0.394444444444445
"1078",-0.519444444444445
"1079",-0.644444444444445
"1080",-0.694444444444445
"1081",-0.361111111111111
"1082",-0.411111111111111
"1083",-0.319444444444444
"1084",-0.111111111111111
"1085",-0.423611111111111
"1086",-0.211111111111111
"1087",-0.336111111111111
"1088",-0.461111111111111
"1089",-0.511111111111111
"1090",-1.04444444444444
"1091",-0.952777777777778
"1092",-0.744444444444445
"1093",-1.05694444444444
"1094",-0.844444444444445
"1095",-0.969444444444445
"1096",-1.09444444444444
"1097",-1.14444444444444
"1098",-1.05277777777778
"1099",-0.844444444444445
"1100",-1.15694444444444
"1101",-0.944444444444445
"1102",-1.06944444444444
"1103",-1.19444444444444
"1104",-1.24444444444444
"1105",-0.661111111111111
"1106",-0.973611111111111
"1107",-0.761111111111111
"1108",-0.886111111111111
"1109",-1.01111111111111
"1110",-1.06111111111111
"1111",-0.556944444444445
"1112",-0.344444444444445
"1113",-0.469444444444445
"1114",-0.594444444444445
"1115",-0.644444444444445
"1116",-0.969444444444445
"1117",-1.09444444444444
"1118",-1.21944444444444
"1119",-1.26944444444444
"1120",-0.669444444444445
"1121",-0.794444444444445
"1122",-0.844444444444445
"1123",-1.04444444444444
"1124",-1.09444444444444
"1125",-1.34444444444444
"1126",-0.535964285714286
"1127",-0.828464285714286
"1128",-0.527035714285714
"1129",-0.665130952380953
"1130",-1.04846428571429
"1131",-1.16989285714286
"1132",-1.32846428571429
"1133",-1.32068650793651
"1134",-0.898464285714286
"1135",-1.33596428571429
"1136",-0.848464285714286
"1137",-0.848464285714286
"1138",-1.38179761904762
"1139",-1.09846428571429
"1140",-1.59846428571429
"1141",-0.150714285714286
"1142",0
"1143",-0.0690476190476192
"1144",-0.260714285714286
"1145",-0.321428571428572
"1146",-0.400714285714286
"1147",-0.396825396825397
"1148",-0.185714285714286
"1149",-0.404464285714286
"1150",-0.160714285714286
"1151",-0.160714285714286
"1152",-0.427380952380953
"1153",-0.285714285714286
"1154",-0.535714285714286
"1155",-0.2925
"1156",-0.361547619047619
"1157",-0.553214285714286
"1158",-0.613928571428572
"1159",-0.693214285714286
"1160",-0.689325396825397
"1161",-0.478214285714286
"1162",-0.696964285714286
"1163",-0.453214285714286
"1164",-0.453214285714286
"1165",-0.719880952380953
"1166",-0.578214285714286
"1167",-0.828214285714286
"1168",-0.0601190476190476
"1169",-0.251785714285715
"1170",-0.3125
"1171",-0.391785714285714
"1172",-0.387896825396826
"1173",-0.176785714285715
"1174",-0.395535714285715
"1175",-0.151785714285714
"1176",-0.151785714285714
"1177",-0.418452380952381
"1178",-0.276785714285714
"1179",-0.526785714285714
"1180",-0.389880952380953
"1181",-0.450595238095238
"1182",-0.529880952380952
"1183",-0.525992063492064
"1184",-0.314880952380953
"1185",-0.533630952380953
"1186",-0.289880952380952
"1187",-0.289880952380952
"1188",-0.556547619047619
"1189",-0.414880952380952
"1190",-0.664880952380953
"1191",-0.833928571428572
"1192",-0.913214285714286
"1193",-0.909325396825397
"1194",-0.698214285714286
"1195",-0.916964285714286
"1196",-0.673214285714286
"1197",-0.673214285714286
"1198",-0.939880952380953
"1199",-0.798214285714286
"1200",-1.04821428571429
"1201",-1.03464285714286
"1202",-1.03075396825397
"1203",-0.819642857142858
"1204",-1.03839285714286
"1205",-0.794642857142857
"1206",-0.794642857142857
"1207",-1.06130952380952
"1208",-0.919642857142857
"1209",-1.16964285714286
"1210",-1.1893253968254
"1211",-0.978214285714286
"1212",-1.19696428571429
"1213",-0.953214285714286
"1214",-0.953214285714286
"1215",-1.21988095238095
"1216",-1.07821428571429
"1217",-1.32821428571429
"1218",-0.970436507936508
"1219",-1.18918650793651
"1220",-0.945436507936508
"1221",-0.945436507936508
"1222",-1.21210317460317
"1223",-1.07043650793651
"1224",-1.32043650793651
"1225",-0.766964285714286
"1226",-0.523214285714286
"1227",-0.523214285714286
"1228",-0.789880952380953
"1229",-0.648214285714286
"1230",-0.898214285714286
"1231",-0.960714285714286
"1232",-0.960714285714286
"1233",-1.22738095238095
"1234",-1.08571428571429
"1235",-1.33571428571429
"1236",-0.473214285714286
"1237",-0.739880952380953
"1238",-0.598214285714286
"1239",-0.848214285714286
"1240",-0.739880952380953
"1241",-0.598214285714286
"1242",-0.848214285714286
"1243",-1.13154761904762
"1244",-1.38154761904762
"1245",-1.09821428571429
"1246",-0.648464285714286
"1247",-0.52525
"1248",-0.710964285714286
"1249",-0.872075396825397
"1250",-0.668107142857143
"1251",-0.560964285714286
"1252",-0.753821428571429
"1253",-1.06096428571429
"1254",-0.690964285714286
"1255",-0.560964285714286
"1256",-1.09667857142857
"1257",-1.02763095238095
"1258",-0.980964285714286
"1259",-1.24429761904762
"1260",-1.16096428571429
"1261",-1.18596428571429
"1262",-0.960964285714286
"1263",-1.61096428571429
"1264",-0.105357142857143
"1265",-0.198214285714286
"1266",-0.278769841269841
"1267",-0.176785714285714
"1268",-0.123214285714285
"1269",-0.219642857142857
"1270",-0.373214285714286
"1271",-0.188214285714286
"1272",-0.123214285714285
"1273",-0.391071428571429
"1274",-0.356547619047619
"1275",-0.333214285714286
"1276",-0.464880952380952
"1277",-0.423214285714286
"1278",-0.435714285714286
"1279",-0.323214285714286
"1280",-0.648214285714286
"1281",-0.075
"1282",-0.155555555555555
"1283",-0.0535714285714284
"1284",0
"1285",-0.0964285714285713
"1286",-0.25
"1287",-0.0649999999999999
"1288",0
"1289",-0.267857142857143
"1290",-0.233333333333333
"1291",-0.21
"1292",-0.341666666666667
"1293",-0.3
"1294",-0.3125
"1295",-0.2
"1296",-0.525
"1297",-0.341269841269841
"1298",-0.239285714285714
"1299",-0.185714285714285
"1300",-0.282142857142857
"1301",-0.435714285714286
"1302",-0.250714285714286
"1303",-0.185714285714285
"1304",-0.453571428571429
"1305",-0.419047619047619
"1306",-0.395714285714286
"1307",-0.527380952380952
"1308",-0.485714285714286
"1309",-0.498214285714286
"1310",-0.385714285714286
"1311",-0.710714285714286
"1312",-0.400396825396825
"1313",-0.346825396825397
"1314",-0.443253968253968
"1315",-0.596825396825397
"1316",-0.411825396825397
"1317",-0.346825396825397
"1318",-0.61468253968254
"1319",-0.58015873015873
"1320",-0.556825396825397
"1321",-0.688492063492063
"1322",-0.646825396825397
"1323",-0.659325396825397
"1324",-0.546825396825397
"1325",-0.871825396825397
"1326",-0.142857142857143
"1327",-0.239285714285714
"1328",-0.392857142857143
"1329",-0.207857142857143
"1330",-0.142857142857143
"1331",-0.410714285714286
"1332",-0.376190476190476
"1333",-0.352857142857143
"1334",-0.48452380952381
"1335",-0.442857142857143
"1336",-0.455357142857143
"1337",-0.342857142857143
"1338",-0.667857142857143
"1339",-0.132142857142857
"1340",-0.285714285714286
"1341",-0.100714285714286
"1342",-0.0357142857142856
"1343",-0.303571428571428
"1344",-0.269047619047619
"1345",-0.245714285714286
"1346",-0.377380952380952
"1347",-0.335714285714286
"1348",-0.348214285714286
"1349",-0.235714285714286
"1350",-0.560714285714285
"1351",-0.478571428571429
"1352",-0.293571428571429
"1353",-0.228571428571428
"1354",-0.496428571428571
"1355",-0.461904761904762
"1356",-0.438571428571429
"1357",-0.570238095238095
"1358",-0.528571428571428
"1359",-0.541071428571429
"1360",-0.428571428571428
"1361",-0.753571428571429
"1362",-0.600714285714286
"1363",-0.535714285714286
"1364",-0.803571428571429
"1365",-0.769047619047619
"1366",-0.745714285714286
"1367",-0.877380952380952
"1368",-0.835714285714286
"1369",-0.848214285714286
"1370",-0.735714285714286
"1371",-1.06071428571429
"1372",-0.165714285714285
"1373",-0.433571428571428
"1374",-0.399047619047619
"1375",-0.375714285714286
"1376",-0.507380952380952
"1377",-0.465714285714286
"1378",-0.478214285714286
"1379",-0.365714285714286
"1380",-0.690714285714286
"1381",-0.303571428571428
"1382",-0.269047619047619
"1383",-0.245714285714286
"1384",-0.377380952380952
"1385",-0.335714285714286
"1386",-0.348214285714286
"1387",-0.235714285714286
"1388",-0.560714285714285
"1389",-0.804761904761905
"1390",-0.781428571428571
"1391",-0.913095238095238
"1392",-0.871428571428571
"1393",-0.883928571428572
"1394",-0.771428571428571
"1395",-1.09642857142857
"1396",-0.712380952380952
"1397",-0.844047619047619
"1398",-0.802380952380952
"1399",-0.814880952380952
"1400",-0.702380952380952
"1401",-1.02738095238095
"1402",-0.797380952380952
"1403",-0.755714285714286
"1404",-0.768214285714286
"1405",-0.655714285714286
"1406",-0.980714285714286
"1407",-1.01904761904762
"1408",-1.03154761904762
"1409",-0.919047619047619
"1410",-1.24404761904762
"1411",-0.948214285714286
"1412",-0.835714285714286
"1413",-1.16071428571429
"1414",-0.860714285714286
"1415",-1.18571428571429
"1416",-0.960714285714286
"1417",-0.805805555555556
"1418",-1.00025
"1419",-0.52525
"1420",-0.75025
"1421",-0.80025
"1422",-0.835964285714286
"1423",-1.22525
"1424",-0.70025
"1425",-1.05025
"1426",-1.36453571428571
"1427",-1.31691666666667
"1428",-1.10025
"1429",-1.30025
"1430",-1.57525
"1431",-1.62167857142857
"1432",-1.58358333333333
"1433",-1.75025
"1434",-0.430555555555556
"1435",-0.193055555555556
"1436",-0.305555555555556
"1437",-0.330555555555556
"1438",-0.348412698412699
"1439",-0.543055555555556
"1440",-0.280555555555556
"1441",-0.455555555555556
"1442",-0.612698412698413
"1443",-0.588888888888889
"1444",-0.480555555555556
"1445",-0.580555555555556
"1446",-0.718055555555556
"1447",-0.741269841269842
"1448",-0.722222222222223
"1449",-0.805555555555556
"1450",-0.3875
"1451",-0.5
"1452",-0.525
"1453",-0.542857142857143
"1454",-0.7375
"1455",-0.475
"1456",-0.65
"1457",-0.807142857142858
"1458",-0.783333333333334
"1459",-0.675
"1460",-0.775
"1461",-0.9125
"1462",-0.935714285714286
"1463",-0.916666666666667
"1464",-1
"1465",-0.0250000000000001
"1466",-0.0500000000000003
"1467",-0.0678571428571431
"1468",-0.2625
"1469",0
"1470",-0.175
"1471",-0.332142857142857
"1472",-0.308333333333334
"1473",-0.2
"1474",-0.3
"1475",-0.4375
"1476",-0.460714285714286
"1477",-0.441666666666667
"1478",-0.525
"1479",-0.275
"1480",-0.292857142857143
"1481",-0.4875
"1482",-0.225
"1483",-0.4
"1484",-0.557142857142857
"1485",-0.533333333333334
"1486",-0.425
"1487",-0.525
"1488",-0.6625
"1489",-0.685714285714286
"1490",-0.666666666666667
"1491",-0.75
"1492",-0.342857142857143
"1493",-0.5375
"1494",-0.275
"1495",-0.45
"1496",-0.607142857142857
"1497",-0.583333333333334
"1498",-0.475
"1499",-0.575
"1500",-0.7125
"1501",-0.735714285714286
"1502",-0.716666666666667
"1503",-0.8
"1504",-0.573214285714286
"1505",-0.310714285714286
"1506",-0.485714285714286
"1507",-0.642857142857143
"1508",-0.61904761904762
"1509",-0.510714285714286
"1510",-0.610714285714286
"1511",-0.748214285714286
"1512",-0.771428571428572
"1513",-0.752380952380953
"1514",-0.835714285714286
"1515",-0.7
"1516",-0.875
"1517",-1.03214285714286
"1518",-1.00833333333333
"1519",-0.9
"1520",-1
"1521",-1.1375
"1522",-1.16071428571429
"1523",-1.14166666666667
"1524",-1.225
"1525",-0.35
"1526",-0.507142857142857
"1527",-0.483333333333334
"1528",-0.375
"1529",-0.475
"1530",-0.6125
"1531",-0.635714285714286
"1532",-0.616666666666667
"1533",-0.7
"1534",-0.857142857142858
"1535",-0.833333333333334
"1536",-0.725000000000001
"1537",-0.825
"1538",-0.9625
"1539",-0.985714285714286
"1540",-0.966666666666667
"1541",-1.05
"1542",-1.14761904761905
"1543",-1.03928571428571
"1544",-1.13928571428571
"1545",-1.27678571428571
"1546",-1.3
"1547",-1.28095238095238
"1548",-1.36428571428571
"1549",-0.991666666666667
"1550",-1.09166666666667
"1551",-1.22916666666667
"1552",-1.25238095238095
"1553",-1.23333333333333
"1554",-1.31666666666667
"1555",-0.875
"1556",-1.0125
"1557",-1.03571428571429
"1558",-1.01666666666667
"1559",-1.1
"1560",-1.2125
"1561",-1.23571428571429
"1562",-1.21666666666667
"1563",-1.3
"1564",-1.51071428571429
"1565",-1.49166666666667
"1566",-1.575
"1567",-1.53809523809524
"1568",-1.62142857142857
"1569",-1.58333333333333
"1570",-0.72025
"1571",-0.686361111111111
"1572",-0.82525
"1573",-0.84025
"1574",-0.739535714285714
"1575",-1.07525
"1576",-0.95025
"1577",-0.37525
"1578",-0.82525
"1579",-0.97525
"1580",-1.09525
"1581",-1.17525
"1582",-1.37525
"1583",-1.47525
"1584",-1.51275
"1585",-1.17525
"1586",-1.45025
"1587",-1.57525
"1588",-0.275555555555556
"1589",-0.345
"1590",-0.3525
"1591",-0.302142857142857
"1592",-0.47
"1593",-0.4075
"1594",-0.12
"1595",-0.345
"1596",-0.42
"1597",-0.48
"1598",-0.52
"1599",-0.62
"1600",-0.67
"1601",-0.68875
"1602",-0.52
"1603",-0.6575
"1604",-0.72
"1605",-0.311111111111111
"1606",-0.318611111111111
"1607",-0.268253968253968
"1608",-0.436111111111111
"1609",-0.373611111111111
"1610",-0.0861111111111112
"1611",-0.311111111111111
"1612",-0.386111111111111
"1613",-0.446111111111111
"1614",-0.486111111111111
"1615",-0.586111111111111
"1616",-0.636111111111111
"1617",-0.654861111111111
"1618",-0.486111111111111
"1619",-0.623611111111111
"1620",-0.686111111111111
"1621",-0.4575
"1622",-0.407142857142857
"1623",-0.575
"1624",-0.5125
"1625",-0.225
"1626",-0.45
"1627",-0.525
"1628",-0.585
"1629",-0.625
"1630",-0.725
"1631",-0.775
"1632",-0.79375
"1633",-0.625
"1634",-0.7625
"1635",-0.825
"1636",-0.422142857142857
"1637",-0.59
"1638",-0.5275
"1639",-0.24
"1640",-0.465
"1641",-0.54
"1642",-0.6
"1643",-0.64
"1644",-0.74
"1645",-0.79
"1646",-0.80875
"1647",-0.64
"1648",-0.7775
"1649",-0.84
"1650",-0.489285714285714
"1651",-0.426785714285714
"1652",-0.139285714285714
"1653",-0.364285714285714
"1654",-0.439285714285714
"1655",-0.499285714285714
"1656",-0.539285714285714
"1657",-0.639285714285714
"1658",-0.689285714285714
"1659",-0.708035714285714
"1660",-0.539285714285714
"1661",-0.676785714285714
"1662",-0.739285714285714
"1663",-0.7625
"1664",-0.475
"1665",-0.7
"1666",-0.775
"1667",-0.835
"1668",-0.875
"1669",-0.975
"1670",-1.025
"1671",-1.04375
"1672",-0.875
"1673",-1.0125
"1674",-1.075
"1675",-0.35
"1676",-0.575
"1677",-0.65
"1678",-0.71
"1679",-0.75
"1680",-0.85
"1681",-0.9
"1682",-0.91875
"1683",-0.75
"1684",-0.8875
"1685",-0.95
"1686",0
"1687",-0.0750000000000002
"1688",-0.135
"1689",-0.175
"1690",-0.275
"1691",-0.325
"1692",-0.34375
"1693",-0.175
"1694",-0.3125
"1695",-0.375
"1696",-0.525
"1697",-0.585
"1698",-0.625
"1699",-0.725
"1700",-0.775
"1701",-0.79375
"1702",-0.625
"1703",-0.7625
"1704",-0.825
"1705",-0.735
"1706",-0.775
"1707",-0.875
"1708",-0.925
"1709",-0.94375
"1710",-0.775
"1711",-0.9125
"1712",-0.975
"1713",-0.895
"1714",-0.995
"1715",-1.045
"1716",-1.06375
"1717",-0.895
"1718",-1.0325
"1719",-1.095
"1720",-1.075
"1721",-1.125
"1722",-1.14375
"1723",-0.975
"1724",-1.1125
"1725",-1.175
"1726",-1.325
"1727",-1.34375
"1728",-1.175
"1729",-1.3125
"1730",-1.375
"1731",-1.44375
"1732",-1.275
"1733",-1.4125
"1734",-1.475
"1735",-1.3125
"1736",-1.45
"1737",-1.5125
"1738",-1.1125
"1739",-1.175
"1740",-1.45
"1741",-0.62525
"1742",-0.67525
"1743",-0.70025
"1744",-0.646678571428572
"1745",-0.803027777777778
"1746",-0.43775
"1747",-0.939535714285714
"1748",-0.40025
"1749",-0.691916666666667
"1750",-0.42525
"1751",-0.52525
"1752",-0.72525
"1753",-1.14525
"1754",-0.42525
"1755",-1.07525
"1756",-1.12525
"1757",-1.20025
"1758",-1.22525
"1759",-0.35
"1760",-0.3625
"1761",-0.335714285714286
"1762",-0.413888888888889
"1763",-0.23125
"1764",-0.482142857142857
"1765",-0.2125
"1766",-0.358333333333333
"1767",-0.225
"1768",-0.275
"1769",-0.375
"1770",-0.585
"1771",-0.225
"1772",-0.55
"1773",-0.575
"1774",-0.6125
"1775",-0.625
"1776",-0.4125
"1777",-0.385714285714286
"1778",-0.463888888888889
"1779",-0.28125
"1780",-0.532142857142857
"1781",-0.2625
"1782",-0.408333333333333
"1783",-0.275
"1784",-0.325
"1785",-0.425
"1786",-0.635
"1787",-0.275
"1788",-0.6
"1789",-0.625
"1790",-0.6625
"1791",-0.675
"1792",-0.410714285714286
"1793",-0.488888888888889
"1794",-0.30625
"1795",-0.557142857142857
"1796",-0.2875
"1797",-0.433333333333334
"1798",-0.3
"1799",-0.35
"1800",-0.45
"1801",-0.66
"1802",-0.3
"1803",-0.625
"1804",-0.65
"1805",-0.6875
"1806",-0.7
"1807",-0.43531746031746
"1808",-0.252678571428572
"1809",-0.503571428571429
"1810",-0.233928571428571
"1811",-0.379761904761905
"1812",-0.246428571428571
"1813",-0.296428571428571
"1814",-0.396428571428572
"1815",-0.606428571428572
"1816",-0.246428571428571
"1817",-0.571428571428572
"1818",-0.596428571428572
"1819",-0.633928571428572
"1820",-0.646428571428572
"1821",-0.409027777777778
"1822",-0.659920634920635
"1823",-0.390277777777778
"1824",-0.536111111111111
"1825",-0.402777777777778
"1826",-0.452777777777778
"1827",-0.552777777777778
"1828",-0.762777777777778
"1829",-0.402777777777778
"1830",-0.727777777777778
"1831",-0.752777777777778
"1832",-0.790277777777778
"1833",-0.802777777777778
"1834",-0.294642857142857
"1835",-0.0249999999999999
"1836",-0.170833333333333
"1837",-0.0375000000000001
"1838",-0.0875000000000001
"1839",-0.1875
"1840",-0.3975
"1841",-0.0375000000000001
"1842",-0.3625
"1843",-0.3875
"1844",-0.425
"1845",-0.4375
"1846",-0.526785714285714
"1847",-0.672619047619048
"1848",-0.539285714285714
"1849",-0.589285714285714
"1850",-0.689285714285714
"1851",-0.899285714285714
"1852",-0.539285714285714
"1853",-0.864285714285714
"1854",-0.889285714285714
"1855",-0.926785714285714
"1856",-0.939285714285715
"1857",-0.133333333333333
"1858",0
"1859",-0.05
"1860",-0.15
"1861",-0.36
"1862",0
"1863",-0.325
"1864",-0.35
"1865",-0.3875
"1866",-0.4
"1867",-0.291666666666667
"1868",-0.341666666666667
"1869",-0.441666666666667
"1870",-0.651666666666667
"1871",-0.291666666666667
"1872",-0.616666666666667
"1873",-0.641666666666667
"1874",-0.679166666666667
"1875",-0.691666666666667
"1876",-0.075
"1877",-0.175
"1878",-0.385
"1879",-0.0249999999999999
"1880",-0.35
"1881",-0.375
"1882",-0.4125
"1883",-0.425
"1884",-0.275
"1885",-0.485
"1886",-0.125
"1887",-0.45
"1888",-0.475
"1889",-0.5125
"1890",-0.525
"1891",-0.685
"1892",-0.325
"1893",-0.65
"1894",-0.675
"1895",-0.7125
"1896",-0.725
"1897",-0.745
"1898",-1.07
"1899",-1.095
"1900",-1.1325
"1901",-1.145
"1902",-0.35
"1903",-0.375
"1904",-0.4125
"1905",-0.425
"1906",-1.025
"1907",-1.0625
"1908",-1.075
"1909",-1.1125
"1910",-1.125
"1911",-1.2
"1912",-0.48775
"1913",-0.852035714285714
"1914",-1.24703571428571
"1915",-1.07346428571429
"1916",-0.727035714285714
"1917",-1.15203571428571
"1918",-0.902035714285714
"1919",-0.952035714285714
"1920",-1.40203571428571
"1921",-1.44203571428571
"1922",-1.12703571428571
"1923",-0.852035714285714
"1924",-1.00203571428571
"1925",-1.00203571428571
"1926",-1.61632142857143
"1927",-1.25203571428571
"1928",-1.45203571428571
"1929",-1.70203571428571
"1930",-0.0625
"1931",-0.26
"1932",-0.173214285714286
"1933",0
"1934",-0.2125
"1935",-0.0875000000000001
"1936",-0.1125
"1937",-0.3375
"1938",-0.3575
"1939",-0.2
"1940",-0.0625
"1941",-0.1375
"1942",-0.1375
"1943",-0.444642857142857
"1944",-0.2625
"1945",-0.3625
"1946",-0.4875
"1947",-0.624285714285714
"1948",-0.5375
"1949",-0.364285714285714
"1950",-0.576785714285714
"1951",-0.451785714285714
"1952",-0.476785714285714
"1953",-0.701785714285714
"1954",-0.721785714285714
"1955",-0.564285714285714
"1956",-0.426785714285714
"1957",-0.501785714285714
"1958",-0.501785714285714
"1959",-0.808928571428571
"1960",-0.626785714285714
"1961",-0.726785714285714
"1962",-0.851785714285714
"1963",-0.9325
"1964",-0.759285714285714
"1965",-0.971785714285714
"1966",-0.846785714285714
"1967",-0.871785714285714
"1968",-1.09678571428571
"1969",-1.11678571428571
"1970",-0.959285714285715
"1971",-0.821785714285714
"1972",-0.896785714285715
"1973",-0.896785714285715
"1974",-1.20392857142857
"1975",-1.02178571428571
"1976",-1.12178571428571
"1977",-1.24678571428571
"1978",-0.585714285714286
"1979",-0.798214285714286
"1980",-0.673214285714286
"1981",-0.698214285714286
"1982",-0.923214285714286
"1983",-0.943214285714286
"1984",-0.785714285714286
"1985",-0.648214285714286
"1986",-0.723214285714286
"1987",-0.723214285714286
"1988",-1.03035714285714
"1989",-0.848214285714286
"1990",-0.948214285714286
"1991",-1.07321428571429
"1992",-0.451785714285714
"1993",-0.326785714285714
"1994",-0.351785714285714
"1995",-0.576785714285714
"1996",-0.596785714285714
"1997",-0.439285714285714
"1998",-0.301785714285714
"1999",-0.376785714285714
"2000",-0.376785714285714
"2001",-0.683928571428571
"2002",-0.501785714285714
"2003",-0.601785714285714
"2004",-0.726785714285714
"2005",-0.751785714285715
"2006",-0.776785714285714
"2007",-1.00178571428571
"2008",-1.02178571428571
"2009",-0.864285714285715
"2010",-0.726785714285714
"2011",-0.801785714285715
"2012",-0.801785714285715
"2013",-1.10892857142857
"2014",-0.926785714285715
"2015",-1.02678571428571
"2016",-1.15178571428571
"2017",-0.526785714285714
"2018",-0.751785714285714
"2019",-0.771785714285714
"2020",-0.614285714285714
"2021",-0.476785714285714
"2022",-0.551785714285714
"2023",-0.551785714285714
"2024",-0.858928571428571
"2025",-0.676785714285714
"2026",-0.776785714285714
"2027",-0.901785714285714
"2028",-0.801785714285714
"2029",-0.821785714285714
"2030",-0.664285714285714
"2031",-0.526785714285714
"2032",-0.601785714285714
"2033",-0.601785714285714
"2034",-0.908928571428572
"2035",-0.726785714285714
"2036",-0.826785714285714
"2037",-0.951785714285714
"2038",-1.27178571428571
"2039",-1.11428571428571
"2040",-0.976785714285714
"2041",-1.05178571428571
"2042",-1.05178571428571
"2043",-1.35892857142857
"2044",-1.17678571428571
"2045",-1.27678571428571
"2046",-1.40178571428571
"2047",-1.15428571428571
"2048",-1.01678571428571
"2049",-1.09178571428571
"2050",-1.09178571428571
"2051",-1.39892857142857
"2052",-1.21678571428571
"2053",-1.31678571428571
"2054",-1.44178571428571
"2055",-0.701785714285714
"2056",-0.776785714285714
"2057",-0.776785714285714
"2058",-1.08392857142857
"2059",-0.901785714285714
"2060",-1.00178571428571
"2061",-1.12678571428571
"2062",-0.501785714285714
"2063",-0.501785714285714
"2064",-0.808928571428571
"2065",-0.626785714285714
"2066",-0.726785714285714
"2067",-0.851785714285714
"2068",-0.651785714285714
"2069",-0.958928571428572
"2070",-0.776785714285714
"2071",-0.876785714285715
"2072",-1.00178571428571
"2073",-0.958928571428572
"2074",-0.776785714285714
"2075",-0.876785714285715
"2076",-1.00178571428571
"2077",-1.39107142857143
"2078",-1.49107142857143
"2079",-1.61607142857143
"2080",-1.12678571428571
"2081",-1.25178571428571
"2082",-1.45178571428571
"2083",-0.646916666666667
"2084",-0.551678571428571
"2085",-0.941361111111111
"2086",-0.48025
"2087",-1.08025
"2088",-0.62025
"2089",-1.05525
"2090",-1.03025
"2091",-0.73025
"2092",-0.98025
"2093",-1.08025
"2094",-0.95525
"2095",-0.68025
"2096",-1.48580555555556
"2097",-1.13025
"2098",-1.53025
"2099",-1.58025
"2100",-0.132380952380952
"2101",-0.327222222222222
"2102",-0.0966666666666667
"2103",-0.396666666666667
"2104",-0.166666666666667
"2105",-0.384166666666667
"2106",-0.371666666666667
"2107",-0.221666666666666
"2108",-0.346666666666667
"2109",-0.396666666666667
"2110",-0.334166666666667
"2111",-0.196666666666667
"2112",-0.599444444444444
"2113",-0.421666666666667
"2114",-0.621666666666667
"2115",-0.646666666666667
"2116",-0.231984126984127
"2117",-0.00142857142857133
"2118",-0.301428571428571
"2119",-0.0714285714285712
"2120",-0.288928571428571
"2121",-0.276428571428571
"2122",-0.126428571428571
"2123",-0.251428571428571
"2124",-0.301428571428571
"2125",-0.238928571428571
"2126",-0.101428571428571
"2127",-0.504206349206349
"2128",-0.326428571428571
"2129",-0.526428571428571
"2130",-0.551428571428571
"2131",-0.391111111111111
"2132",-0.691111111111111
"2133",-0.461111111111111
"2134",-0.678611111111111
"2135",-0.666111111111111
"2136",-0.516111111111111
"2137",-0.641111111111111
"2138",-0.691111111111111
"2139",-0.628611111111111
"2140",-0.491111111111111
"2141",-0.893888888888889
"2142",-0.716111111111111
"2143",-0.916111111111111
"2144",-0.941111111111111
"2145",-0.23
"2146",0
"2147",-0.2175
"2148",-0.205
"2149",-0.0549999999999999
"2150",-0.18
"2151",-0.23
"2152",-0.1675
"2153",-0.03
"2154",-0.432777777777778
"2155",-0.255
"2156",-0.455
"2157",-0.48
"2158",-0.6
"2159",-0.8175
"2160",-0.805
"2161",-0.655
"2162",-0.78
"2163",-0.83
"2164",-0.7675
"2165",-0.63
"2166",-1.03277777777778
"2167",-0.855
"2168",-1.055
"2169",-1.08
"2170",-0.3575
"2171",-0.345
"2172",-0.195
"2173",-0.32
"2174",-0.37
"2175",-0.3075
"2176",-0.17
"2177",-0.572777777777778
"2178",-0.395
"2179",-0.595
"2180",-0.62
"2181",-0.78
"2182",-0.63
"2183",-0.755
"2184",-0.805
"2185",-0.7425
"2186",-0.605
"2187",-1.00777777777778
"2188",-0.83
"2189",-1.03
"2190",-1.055
"2191",-0.605
"2192",-0.73
"2193",-0.78
"2194",-0.7175
"2195",-0.58
"2196",-0.982777777777778
"2197",-0.805
"2198",-1.005
"2199",-1.03
"2200",-0.43
"2201",-0.48
"2202",-0.4175
"2203",-0.28
"2204",-0.682777777777778
"2205",-0.505
"2206",-0.705
"2207",-0.73
"2208",-0.73
"2209",-0.6675
"2210",-0.53
"2211",-0.932777777777778
"2212",-0.755
"2213",-0.955
"2214",-0.98
"2215",-0.7675
"2216",-0.63
"2217",-1.03277777777778
"2218",-0.855
"2219",-1.055
"2220",-1.08
"2221",-0.505
"2222",-0.907777777777778
"2223",-0.73
"2224",-0.93
"2225",-0.955
"2226",-0.632777777777778
"2227",-0.455
"2228",-0.655
"2229",-0.68
"2230",-1.26055555555556
"2231",-1.46055555555556
"2232",-1.48555555555556
"2233",-1.105
"2234",-1.13
"2235",-1.53
"2236",-0.466916666666667
"2237",-0.641916666666667
"2238",-0.702630952380953
"2239",-0.583583333333334
"2240",-0.829416666666667
"2241",-1.03691666666667
"2242",-1.11691666666667
"2243",-0.954416666666667
"2244",-1.28358333333333
"2245",-1.25977380952381
"2246",-1.36691666666667
"2247",-1.30025
"2248",-1.01691666666667
"2249",-1.31691666666667
"2250",-1.49191666666667
"2251",-1.51691666666667
"2252",-0.0291666666666668
"2253",-0.0595238095238098
"2254",0
"2255",-0.122916666666667
"2256",-0.226666666666667
"2257",-0.266666666666667
"2258",-0.185416666666667
"2259",-0.35
"2260",-0.338095238095238
"2261",-0.391666666666667
"2262",-0.358333333333334
"2263",-0.216666666666667
"2264",-0.366666666666667
"2265",-0.454166666666667
"2266",-0.466666666666667
"2267",-0.23452380952381
"2268",-0.175
"2269",-0.297916666666667
"2270",-0.401666666666667
"2271",-0.441666666666667
"2272",-0.360416666666667
"2273",-0.525
"2274",-0.513095238095238
"2275",-0.566666666666667
"2276",-0.533333333333334
"2277",-0.391666666666667
"2278",-0.541666666666667
"2279",-0.629166666666667
"2280",-0.641666666666667
"2281",-0.235714285714286
"2282",-0.358630952380953
"2283",-0.462380952380953
"2284",-0.502380952380953
"2285",-0.421130952380953
"2286",-0.585714285714286
"2287",-0.573809523809524
"2288",-0.627380952380953
"2289",-0.594047619047619
"2290",-0.452380952380953
"2291",-0.602380952380953
"2292",-0.689880952380953
"2293",-0.702380952380953
"2294",-0.239583333333333
"2295",-0.343333333333333
"2296",-0.383333333333334
"2297",-0.302083333333333
"2298",-0.466666666666667
"2299",-0.454761904761905
"2300",-0.508333333333334
"2301",-0.475
"2302",-0.333333333333333
"2303",-0.483333333333334
"2304",-0.570833333333334
"2305",-0.583333333333334
"2306",-0.589166666666667
"2307",-0.629166666666667
"2308",-0.547916666666667
"2309",-0.7125
"2310",-0.700595238095238
"2311",-0.754166666666667
"2312",-0.720833333333334
"2313",-0.579166666666667
"2314",-0.729166666666667
"2315",-0.816666666666667
"2316",-0.829166666666667
"2317",-0.836666666666667
"2318",-0.755416666666667
"2319",-0.92
"2320",-0.908095238095239
"2321",-0.961666666666667
"2322",-0.928333333333334
"2323",-0.786666666666667
"2324",-0.936666666666667
"2325",-1.02416666666667
"2326",-1.03666666666667
"2327",-0.835416666666667
"2328",-1
"2329",-0.988095238095238
"2330",-1.04166666666667
"2331",-1.00833333333333
"2332",-0.866666666666667
"2333",-1.01666666666667
"2334",-1.10416666666667
"2335",-1.11666666666667
"2336",-0.8375
"2337",-0.825595238095238
"2338",-0.879166666666667
"2339",-0.845833333333334
"2340",-0.704166666666667
"2341",-0.854166666666667
"2342",-0.941666666666667
"2343",-0.954166666666667
"2344",-1.15476190476191
"2345",-1.20833333333333
"2346",-1.175
"2347",-1.03333333333333
"2348",-1.18333333333333
"2349",-1.27083333333333
"2350",-1.28333333333333
"2351",-1.18452380952381
"2352",-1.15119047619048
"2353",-1.00952380952381
"2354",-1.15952380952381
"2355",-1.24702380952381
"2356",-1.25952380952381
"2357",-1.25833333333333
"2358",-1.11666666666667
"2359",-1.26666666666667
"2360",-1.35416666666667
"2361",-1.36666666666667
"2362",-1.05
"2363",-1.2
"2364",-1.2875
"2365",-1.3
"2366",-0.916666666666667
"2367",-1.00416666666667
"2368",-1.01666666666667
"2369",-1.30416666666667
"2370",-1.31666666666667
"2371",-1.49166666666667
"2372",-0.458583333333333
"2373",-0.57025
"2374",-0.683583333333333
"2375",-0.541083333333333
"2376",-0.486916666666667
"2377",-0.903583333333333
"2378",-0.983583333333333
"2379",-0.803583333333333
"2380",-0.503583333333333
"2381",-1.08483333333333
"2382",-0.97025
"2383",-0.953583333333333
"2384",-0.803583333333333
"2385",-1.25358333333333
"2386",-1.32025
"2387",-1.38358333333333
"2388",-1.39108333333333
"2389",-1.40358333333333
"2390",-0.0416666666666665
"2391",-0.0983333333333334
"2392",-0.0270833333333333
"2393",0
"2394",-0.208333333333333
"2395",-0.248333333333333
"2396",-0.158333333333333
"2397",-0.0083333333333333
"2398",-0.298958333333333
"2399",-0.241666666666667
"2400",-0.233333333333333
"2401",-0.158333333333333
"2402",-0.383333333333333
"2403",-0.416666666666667
"2404",-0.448333333333333
"2405",-0.452083333333333
"2406",-0.458333333333333
"2407",-0.21
"2408",-0.13875
"2409",-0.111666666666666
"2410",-0.32
"2411",-0.36
"2412",-0.27
"2413",-0.12
"2414",-0.410625
"2415",-0.353333333333333
"2416",-0.345
"2417",-0.27
"2418",-0.495
"2419",-0.528333333333333
"2420",-0.56
"2421",-0.56375
"2422",-0.57
"2423",-0.252083333333333
"2424",-0.225
"2425",-0.433333333333333
"2426",-0.473333333333333
"2427",-0.383333333333333
"2428",-0.233333333333333
"2429",-0.523958333333333
"2430",-0.466666666666667
"2431",-0.458333333333333
"2432",-0.383333333333333
"2433",-0.608333333333333
"2434",-0.641666666666667
"2435",-0.673333333333333
"2436",-0.677083333333333
"2437",-0.683333333333333
"2438",-0.0825
"2439",-0.290833333333333
"2440",-0.330833333333333
"2441",-0.240833333333333
"2442",-0.0908333333333333
"2443",-0.381458333333333
"2444",-0.324166666666667
"2445",-0.315833333333333
"2446",-0.240833333333333
"2447",-0.465833333333333
"2448",-0.499166666666667
"2449",-0.530833333333333
"2450",-0.534583333333333
"2451",-0.540833333333333
"2452",-0.236666666666667
"2453",-0.276666666666667
"2454",-0.186666666666667
"2455",-0.0366666666666666
"2456",-0.327291666666667
"2457",-0.27
"2458",-0.261666666666667
"2459",-0.186666666666667
"2460",-0.411666666666667
"2461",-0.445
"2462",-0.476666666666667
"2463",-0.480416666666667
"2464",-0.486666666666667
"2465",-0.693333333333333
"2466",-0.603333333333333
"2467",-0.453333333333333
"2468",-0.743958333333333
"2469",-0.686666666666667
"2470",-0.678333333333333
"2471",-0.603333333333333
"2472",-0.828333333333333
"2473",-0.861666666666667
"2474",-0.893333333333333
"2475",-0.897083333333333
"2476",-0.903333333333333
"2477",-0.683333333333333
"2478",-0.533333333333333
"2479",-0.823958333333333
"2480",-0.766666666666667
"2481",-0.758333333333333
"2482",-0.683333333333333
"2483",-0.908333333333333
"2484",-0.941666666666667
"2485",-0.973333333333333
"2486",-0.977083333333333
"2487",-0.983333333333333
"2488",-0.353333333333333
"2489",-0.643958333333333
"2490",-0.586666666666667
"2491",-0.578333333333333
"2492",-0.503333333333333
"2493",-0.728333333333333
"2494",-0.761666666666667
"2495",-0.793333333333333
"2496",-0.797083333333333
"2497",-0.803333333333333
"2498",-0.343958333333333
"2499",-0.286666666666667
"2500",-0.278333333333333
"2501",-0.203333333333333
"2502",-0.428333333333333
"2503",-0.461666666666667
"2504",-0.493333333333333
"2505",-0.497083333333333
"2506",-0.503333333333333
"2507",-0.867916666666667
"2508",-0.859583333333333
"2509",-0.784583333333333
"2510",-1.00958333333333
"2511",-1.04291666666667
"2512",-1.07458333333333
"2513",-1.07833333333333
"2514",-1.08458333333333
"2515",-0.745
"2516",-0.67
"2517",-0.895
"2518",-0.928333333333333
"2519",-0.96
"2520",-0.96375
"2521",-0.97
"2522",-0.653333333333333
"2523",-0.878333333333333
"2524",-0.911666666666667
"2525",-0.943333333333333
"2526",-0.947083333333333
"2527",-0.953333333333333
"2528",-0.728333333333333
"2529",-0.761666666666667
"2530",-0.793333333333333
"2531",-0.797083333333333
"2532",-0.803333333333333
"2533",-1.21166666666667
"2534",-1.24333333333333
"2535",-1.24708333333333
"2536",-1.25333333333333
"2537",-1.31
"2538",-1.31375
"2539",-1.32
"2540",-1.37708333333333
"2541",-1.38333333333333
"2542",-1.39083333333333
"2543",-0.60025
"2544",-0.894
"2545",-1.01691666666667
"2546",-1.17525
"2547",-1.15025
"2548",-1.22525
"2549",-1.22025
"2550",-1.05025
"2551",-0.65025
"2552",-1.27525
"2553",-0.75025
"2554",-1.47525
"2555",-1.75025
"2556",-1.72525
"2557",-1.65025
"2558",-1.82525
"2559",-1.85025
"2560",-0.121875
"2561",-0.183333333333333
"2562",-0.2625
"2563",-0.25
"2564",-0.2875
"2565",-0.285
"2566",-0.2
"2567",0
"2568",-0.3125
"2569",-0.0499999999999998
"2570",-0.4125
"2571",-0.55
"2572",-0.5375
"2573",-0.5
"2574",-0.5875
"2575",-0.6
"2576",-0.477083333333333
"2577",-0.55625
"2578",-0.54375
"2579",-0.58125
"2580",-0.57875
"2581",-0.49375
"2582",-0.29375
"2583",-0.60625
"2584",-0.34375
"2585",-0.70625
"2586",-0.84375
"2587",-0.83125
"2588",-0.79375
"2589",-0.88125
"2590",-0.89375
"2591",-0.679166666666667
"2592",-0.666666666666667
"2593",-0.704166666666667
"2594",-0.701666666666667
"2595",-0.616666666666666
"2596",-0.416666666666667
"2597",-0.729166666666667
"2598",-0.466666666666667
"2599",-0.829166666666667
"2600",-0.966666666666667
"2601",-0.954166666666667
"2602",-0.916666666666667
"2603",-1.00416666666667
"2604",-1.01666666666667
"2605",-0.825
"2606",-0.8625
"2607",-0.86
"2608",-0.775
"2609",-0.575
"2610",-0.8875
"2611",-0.625
"2612",-0.9875
"2613",-1.125
"2614",-1.1125
"2615",-1.075
"2616",-1.1625
"2617",-1.175
"2618",-0.8375
"2619",-0.835
"2620",-0.75
"2621",-0.55
"2622",-0.8625
"2623",-0.6
"2624",-0.9625
"2625",-1.1
"2626",-1.0875
"2627",-1.05
"2628",-1.1375
"2629",-1.15
"2630",-0.91
"2631",-0.825
"2632",-0.625
"2633",-0.9375
"2634",-0.675
"2635",-1.0375
"2636",-1.175
"2637",-1.1625
"2638",-1.125
"2639",-1.2125
"2640",-1.225
"2641",-0.82
"2642",-0.62
"2643",-0.9325
"2644",-0.67
"2645",-1.0325
"2646",-1.17
"2647",-1.1575
"2648",-1.12
"2649",-1.2075
"2650",-1.22
"2651",-0.45
"2652",-0.7625
"2653",-0.5
"2654",-0.8625
"2655",-1
"2656",-0.9875
"2657",-0.95
"2658",-1.0375
"2659",-1.05
"2660",-0.3625
"2661",-0.1
"2662",-0.4625
"2663",-0.6
"2664",-0.5875
"2665",-0.55
"2666",-0.6375
"2667",-0.65
"2668",-0.725
"2669",-1.0875
"2670",-1.225
"2671",-1.2125
"2672",-1.175
"2673",-1.2625
"2674",-1.275
"2675",-0.5625
"2676",-0.7
"2677",-0.6875
"2678",-0.65
"2679",-0.7375
"2680",-0.75
"2681",-1.425
"2682",-1.4125
"2683",-1.375
"2684",-1.4625
"2685",-1.475
"2686",-1.6875
"2687",-1.65
"2688",-1.7375
"2689",-1.75
"2690",-1.625
"2691",-1.7125
"2692",-1.725
"2693",-1.6375
"2694",-1.65
"2695",-1.825
"2696",-0.497472222222222
"2697",-0.503821428571429
"2698",-0.67525
"2699",-0.747472222222222
"2700",-0.37525
"2701",-0.847472222222222
"2702",-0.739535714285715
"2703",-0.63525
"2704",-0.52525
"2705",-0.99525
"2706",-0.903821428571429
"2707",-0.72525
"2708",-0.97525
"2709",-1.17525
"2710",-1.17525
"2711",-1.27525
"2712",-0.111507936507937
"2713",-0.197222222222222
"2714",-0.233333333333333
"2715",-0.0472222222222223
"2716",-0.283333333333333
"2717",-0.229365079365079
"2718",-0.177222222222222
"2719",-0.122222222222222
"2720",-0.357222222222222
"2721",-0.311507936507937
"2722",-0.222222222222222
"2723",-0.347222222222222
"2724",-0.447222222222222
"2725",-0.447222222222222
"2726",-0.497222222222222
"2727",-0.203571428571429
"2728",-0.23968253968254
"2729",-0.0535714285714286
"2730",-0.28968253968254
"2731",-0.235714285714286
"2732",-0.183571428571428
"2733",-0.128571428571429
"2734",-0.363571428571429
"2735",-0.317857142857143
"2736",-0.228571428571429
"2737",-0.353571428571429
"2738",-0.453571428571429
"2739",-0.453571428571429
"2740",-0.503571428571429
"2741",-0.411111111111111
"2742",-0.225
"2743",-0.461111111111111
"2744",-0.407142857142857
"2745",-0.355
"2746",-0.3
"2747",-0.535
"2748",-0.489285714285714
"2749",-0.4
"2750",-0.525
"2751",-0.625
"2752",-0.625
"2753",-0.675
"2754",-0.297222222222222
"2755",-0.533333333333334
"2756",-0.47936507936508
"2757",-0.427222222222222
"2758",-0.372222222222222
"2759",-0.607222222222222
"2760",-0.561507936507937
"2761",-0.472222222222222
"2762",-0.597222222222222
"2763",-0.697222222222222
"2764",-0.697222222222222
"2765",-0.747222222222222
"2766",-0.161111111111111
"2767",-0.107142857142857
"2768",-0.0549999999999999
"2769",0
"2770",-0.235
"2771",-0.189285714285714
"2772",-0.1
"2773",-0.225
"2774",-0.325
"2775",-0.325
"2776",-0.375
"2777",-0.57936507936508
"2778",-0.527222222222222
"2779",-0.472222222222222
"2780",-0.707222222222222
"2781",-0.661507936507937
"2782",-0.572222222222222
"2783",-0.697222222222222
"2784",-0.797222222222222
"2785",-0.797222222222222
"2786",-0.847222222222222
"2787",-0.419285714285714
"2788",-0.364285714285715
"2789",-0.599285714285715
"2790",-0.553571428571429
"2791",-0.464285714285715
"2792",-0.589285714285715
"2793",-0.689285714285715
"2794",-0.689285714285715
"2795",-0.739285714285715
"2796",-0.26
"2797",-0.495
"2798",-0.449285714285714
"2799",-0.36
"2800",-0.485
"2801",-0.585
"2802",-0.585
"2803",-0.635
"2804",-0.385
"2805",-0.339285714285714
"2806",-0.25
"2807",-0.375
"2808",-0.475
"2809",-0.475
"2810",-0.525
"2811",-0.809285714285714
"2812",-0.72
"2813",-0.845
"2814",-0.945
"2815",-0.945
"2816",-0.995
"2817",-0.628571428571429
"2818",-0.753571428571429
"2819",-0.853571428571429
"2820",-0.853571428571429
"2821",-0.903571428571429
"2822",-0.575
"2823",-0.675
"2824",-0.675
"2825",-0.725
"2826",-0.925
"2827",-0.925
"2828",-0.975
"2829",-1.125
"2830",-1.175
"2831",-1.175
"2832",-1.04525
"2833",-1.13080555555556
"2834",-0.989535714285715
"2835",-1.22525
"2836",-1.09191666666667
"2837",-1.24667857142857
"2838",-1.19525
"2839",-0.908583333333334
"2840",-0.52525
"2841",-0.62525
"2842",-1.42525
"2843",-1.24191666666667
"2844",-1.07525
"2845",-0.77525
"2846",-1.22525
"2847",-1.52525
"2848",-1.62525
"2849",-1.67525
"2850",-0.772777777777778
"2851",-0.702142857142857
"2852",-0.82
"2853",-0.753333333333334
"2854",-0.830714285714286
"2855",-0.805
"2856",-0.661666666666667
"2857",-0.47
"2858",-0.52
"2859",-0.92
"2860",-0.828333333333334
"2861",-0.745
"2862",-0.595
"2863",-0.82
"2864",-0.97
"2865",-1.02
"2866",-1.045
"2867",-0.787698412698413
"2868",-0.905555555555556
"2869",-0.838888888888889
"2870",-0.916269841269842
"2871",-0.890555555555556
"2872",-0.747222222222222
"2873",-0.555555555555556
"2874",-0.605555555555556
"2875",-1.00555555555556
"2876",-0.913888888888889
"2877",-0.830555555555556
"2878",-0.680555555555556
"2879",-0.905555555555556
"2880",-1.05555555555556
"2881",-1.10555555555556
"2882",-1.13055555555556
"2883",-0.764285714285715
"2884",-0.697619047619048
"2885",-0.775
"2886",-0.749285714285715
"2887",-0.605952380952381
"2888",-0.414285714285715
"2889",-0.464285714285714
"2890",-0.864285714285715
"2891",-0.772619047619048
"2892",-0.689285714285715
"2893",-0.539285714285715
"2894",-0.764285714285715
"2895",-0.914285714285715
"2896",-0.964285714285715
"2897",-0.989285714285715
"2898",-0.933333333333334
"2899",-1.01071428571429
"2900",-0.985
"2901",-0.841666666666667
"2902",-0.65
"2903",-0.7
"2904",-1.1
"2905",-1.00833333333333
"2906",-0.925
"2907",-0.775
"2908",-1
"2909",-1.15
"2910",-1.2
"2911",-1.225
"2912",-0.877380952380953
"2913",-0.851666666666667
"2914",-0.708333333333334
"2915",-0.516666666666667
"2916",-0.566666666666667
"2917",-0.966666666666667
"2918",-0.875
"2919",-0.791666666666667
"2920",-0.641666666666667
"2921",-0.866666666666667
"2922",-1.01666666666667
"2923",-1.06666666666667
"2924",-1.09166666666667
"2925",-1.00642857142857
"2926",-0.863095238095238
"2927",-0.671428571428572
"2928",-0.721428571428572
"2929",-1.12142857142857
"2930",-1.02976190476191
"2931",-0.946428571428572
"2932",-0.796428571428572
"2933",-1.02142857142857
"2934",-1.17142857142857
"2935",-1.22142857142857
"2936",-1.24642857142857
"2937",-0.811666666666667
"2938",-0.62
"2939",-0.67
"2940",-1.07
"2941",-0.978333333333334
"2942",-0.895
"2943",-0.745
"2944",-0.97
"2945",-1.12
"2946",-1.17
"2947",-1.195
"2948",-0.333333333333333
"2949",-0.383333333333333
"2950",-0.783333333333334
"2951",-0.691666666666667
"2952",-0.608333333333333
"2953",-0.458333333333333
"2954",-0.683333333333334
"2955",-0.833333333333333
"2956",-0.883333333333334
"2957",-0.908333333333334
"2958",0
"2959",-0.4
"2960",-0.308333333333334
"2961",-0.225
"2962",-0.0750000000000002
"2963",-0.3
"2964",-0.45
"2965",-0.5
"2966",-0.525
"2967",-0.5
"2968",-0.408333333333333
"2969",-0.325
"2970",-0.175
"2971",-0.4
"2972",-0.55
"2973",-0.6
"2974",-0.625
"2975",-1.20833333333333
"2976",-1.125
"2977",-0.975
"2978",-1.2
"2979",-1.35
"2980",-1.4
"2981",-1.425
"2982",-0.941666666666667
"2983",-0.791666666666667
"2984",-1.01666666666667
"2985",-1.16666666666667
"2986",-1.21666666666667
"2987",-1.24166666666667
"2988",-0.625
"2989",-0.85
"2990",-1
"2991",-1.05
"2992",-1.075
"2993",-0.55
"2994",-0.7
"2995",-0.75
"2996",-0.775
"2997",-1.15
"2998",-1.2
"2999",-1.225
"3000",-1.5
"3001",-1.525
"3002",-1.625
"3003",-0.555805555555556
"3004",-0.569694444444445
"3005",-0.840805555555556
"3006",-0.937948412698413
"3007",-1.05580555555556
"3008",-0.780805555555556
"3009",-0.920805555555556
"3010",-0.805805555555556
"3011",-1.50080555555556
"3012",-0.805805555555556
"3013",-1.45223412698413
"3014",-1.18080555555556
"3015",-0.780805555555556
"3016",-1.38080555555556
"3017",-1.51413888888889
"3018",-1.50580555555556
"3019",-1.68080555555556
"3020",0
"3021",-0.135555555555556
"3022",-0.184126984126984
"3023",-0.243055555555556
"3024",-0.105555555555556
"3025",-0.175555555555556
"3026",-0.118055555555556
"3027",-0.465555555555556
"3028",-0.118055555555556
"3029",-0.441269841269841
"3030",-0.305555555555556
"3031",-0.105555555555556
"3032",-0.405555555555556
"3033",-0.472222222222222
"3034",-0.468055555555556
"3035",-0.555555555555556
"3036",-0.149444444444445
"3037",-0.198015873015873
"3038",-0.256944444444445
"3039",-0.119444444444445
"3040",-0.189444444444445
"3041",-0.131944444444445
"3042",-0.479444444444445
"3043",-0.131944444444445
"3044",-0.455158730158731
"3045",-0.319444444444445
"3046",-0.119444444444445
"3047",-0.419444444444445
"3048",-0.486111111111111
"3049",-0.481944444444445
"3050",-0.569444444444445
"3051",-0.469126984126984
"3052",-0.528055555555556
"3053",-0.390555555555556
"3054",-0.460555555555556
"3055",-0.403055555555556
"3056",-0.750555555555556
"3057",-0.403055555555556
"3058",-0.726269841269841
"3059",-0.590555555555556
"3060",-0.390555555555556
"3061",-0.690555555555556
"3062",-0.757222222222222
"3063",-0.753055555555556
"3064",-0.840555555555556
"3065",-0.625198412698413
"3066",-0.487698412698413
"3067",-0.557698412698413
"3068",-0.500198412698413
"3069",-0.847698412698413
"3070",-0.500198412698413
"3071",-0.823412698412699
"3072",-0.687698412698413
"3073",-0.487698412698413
"3074",-0.787698412698413
"3075",-0.85436507936508
"3076",-0.850198412698413
"3077",-0.937698412698413
"3078",-0.605555555555556
"3079",-0.675555555555556
"3080",-0.618055555555556
"3081",-0.965555555555556
"3082",-0.618055555555556
"3083",-0.941269841269841
"3084",-0.805555555555556
"3085",-0.605555555555556
"3086",-0.905555555555556
"3087",-0.972222222222222
"3088",-0.968055555555556
"3089",-1.05555555555556
"3090",-0.400555555555556
"3091",-0.343055555555556
"3092",-0.690555555555556
"3093",-0.343055555555556
"3094",-0.666269841269842
"3095",-0.530555555555556
"3096",-0.330555555555556
"3097",-0.630555555555556
"3098",-0.697222222222222
"3099",-0.693055555555556
"3100",-0.780555555555556
"3101",-0.483055555555556
"3102",-0.830555555555556
"3103",-0.483055555555556
"3104",-0.806269841269842
"3105",-0.670555555555556
"3106",-0.470555555555556
"3107",-0.770555555555556
"3108",-0.837222222222223
"3109",-0.833055555555556
"3110",-0.920555555555556
"3111",-0.715555555555556
"3112",-0.368055555555556
"3113",-0.691269841269841
"3114",-0.555555555555556
"3115",-0.355555555555556
"3116",-0.655555555555556
"3117",-0.722222222222222
"3118",-0.718055555555556
"3119",-0.805555555555556
"3120",-1.06305555555556
"3121",-1.38626984126984
"3122",-1.25055555555556
"3123",-1.05055555555556
"3124",-1.35055555555556
"3125",-1.41722222222222
"3126",-1.41305555555556
"3127",-1.50055555555556
"3128",-0.691269841269841
"3129",-0.555555555555556
"3130",-0.355555555555556
"3131",-0.655555555555556
"3132",-0.722222222222222
"3133",-0.718055555555556
"3134",-0.805555555555556
"3135",-1.20198412698413
"3136",-1.00198412698413
"3137",-1.30198412698413
"3138",-1.36865079365079
"3139",-1.36448412698413
"3140",-1.45198412698413
"3141",-0.730555555555556
"3142",-1.03055555555556
"3143",-1.09722222222222
"3144",-1.09305555555556
"3145",-1.18055555555556
"3146",-0.630555555555556
"3147",-0.697222222222222
"3148",-0.693055555555556
"3149",-0.780555555555556
"3150",-1.29722222222222
"3151",-1.29305555555556
"3152",-1.38055555555556
"3153",-1.42638888888889
"3154",-1.51388888888889
"3155",-1.50555555555556
